frequency_hz,amplitude_v,reference_amplitude_v,gain_linear,gain_db,mode,run_id,curve_label,fir_mode,sample_rate_hz_nominal,power_tier_dbm,status,qc_analysis_pass,qc_recommended_pass,selection_preferred_power_dbm,selection_used_preferred_mode_power,source_kind,source_path,source_member,frequency_normalized_to_nyquist,frequency_normalized_to_fs
10000.0,1.980180843456835,116.34340907277237,0.01702013770473443,-35.38073860986485,default@1.0MHz,e2_sr1000000_f10000_idx00_fir_default__pm30p0,default@1.0MHz,default,1000000.026,-30.0,captured_guard_fail,True,False,-30.0,True,tar,data/raw/e2.tar.gz,e2/e2_sr1000000_f10000_idx00_fir_default__pm30p0.npz,0.019999999480000013,0.009999999740000006
11141.913841958418,2.2213451332666896,116.34340907277237,0.01909300364301038,-34.38251489155809,default@1.0MHz,e2_sr1000000_f11142_idx01_fir_default__pm30p0,default@1.0MHz,default,1000000.026,-30.0,captured_guard_fail,True,False,-30.0,True,tar,data/raw/e2.tar.gz,e2/e2_sr1000000_f11142_idx01_fir_default__pm30p0.npz,0.022283827104537333,0.011141913552268666
12414.224406162486,2.7459161971939468,116.34340907277237,0.02360181998342842,-32.5410901284925,default@1.0MHz,e2_sr1000000_f12414_idx02_fir_default__pm30p0,default@1.0MHz,default,1000000.026,-30.0,captured_guard_fail,True,False,-30.0,True,tar,data/raw/e2.tar.gz,e2/e2_sr1000000_f12414_idx02_fir_default__pm30p0.npz,0.02482844816678532,0.01241422408339266
13831.821874819982,3.3224442813400636,116.34340907277237,0.028557219595154608,-30.88568157745737,default@1.0MHz,e2_sr1000000_f13832_idx03_fir_default__pm30p0,default@1.0MHz,default,1000000.026,-30.0,captured_guard_fail,True,False,-30.0,True,tar,data/raw/e2.tar.gz,e2/e2_sr1000000_f13832_idx03_fir_default__pm30p0.npz,0.027663643030385245,0.013831821515192622
15411.296760656,4.091408428597922,116.34340907277237,0.03516665414229663,-29.077378995140307,default@1.0MHz,e2_sr1000000_f15411_idx04_fir_default__pm30p0,default@1.0MHz,default,1000000.026,-30.0,captured_guard_fail,True,False,-30.0,True,tar,data/raw/e2.tar.gz,e2/e2_sr1000000_f15411_idx04_fir_default__pm30p0.npz,0.03082259271992459,0.015411296359962296
17171.134070008236,5.165131253651898,116.34340907277237,0.044395563915624374,-27.053208464020848,default@1.0MHz,e2_sr1000000_f17171_idx05_fir_default__pm30p0,default@1.0MHz,default,1000000.026,-30.0,captured_guard_fail,True,False,-30.0,True,tar,data/raw/e2.tar.gz,e2/e2_sr1000000_f17171_idx05_fir_default__pm30p0.npz,0.034342267247117524,0.017171133623558762
19131.929637674857,6.3111890180034536,116.34340907277237,0.054246210148920664,-25.31261195840139,default@1.0MHz,e2_sr1000000_f19132_idx06_fir_default__pm30p0,default@1.0MHz,default,1000000.026,-30.0,captured_guard_fail,True,False,-30.0,True,tar,data/raw/e2.tar.gz,e2/e2_sr1000000_f19132_idx06_fir_default__pm30p0.npz,0.0382638582804894,0.0191319291402447
21316.6311653384,8.00840215537001,116.34340907277237,0.0688341713483811,-23.243918228366958,default@1.0MHz,e2_sr1000000_f21317_idx07_fir_default__pm30p0,default@1.0MHz,default,1000000.026,-30.0,captured_guard_fail,True,False,-30.0,True,tar,data/raw/e2.tar.gz,e2/e2_sr1000000_f21317_idx07_fir_default__pm30p0.npz,0.04263326122221201,0.021316630611106006
23750.80678450066,10.016888604968539,116.34340907277237,0.08609760264720293,-21.300178822630997,default@1.0MHz,e2_sr1000000_f23751_idx08_fir_default__pm30p0,default@1.0MHz,default,1000000.026,-30.0,captured,True,True,-30.0,True,tar,data/raw/e2.tar.gz,e2/e2_sr1000000_f23751_idx08_fir_default__pm30p0.npz,0.0475016123339594,0.0237508061669797
26462.94428699078,12.468143304687924,116.34340907277237,0.10716673513399583,-19.398799999893175,default@1.0MHz,e2_sr1000000_f26463_idx09_fir_default__pm30p0,default@1.0MHz,default,1000000.026,-30.0,captured,True,True,-30.0,True,tar,data/raw/e2.tar.gz,e2/e2_sr1000000_f26463_idx09_fir_default__pm30p0.npz,0.05292588719790849,0.026462943598954246
29484.784525019702,15.371072006696494,116.34340907277237,0.13211811592250958,-17.58075256432513,default@1.0MHz,e2_sr1000000_f29485_idx10_fir_default__pm30p0,default@1.0MHz,default,1000000.026,-30.0,captured,True,True,-30.0,True,tar,data/raw/e2.tar.gz,e2/e2_sr1000000_f29485_idx10_fir_default__pm30p0.npz,0.058969567516830655,0.029484783758415328
32851.692882647905,19.227184416568257,116.34340907277237,0.1652623433489191,-15.636521868540614,default@1.0MHz,e2_sr1000000_f32852_idx11_fir_default__pm30p0,default@1.0MHz,default,1000000.026,-30.0,captured,True,True,-30.0,True,tar,data/raw/e2.tar.gz,e2/e2_sr1000000_f32852_idx11_fir_default__pm30p0.npz,0.06570338405700783,0.032851692028503916
36603.07316609415,23.835330022389176,116.34340907277237,0.20487047966318628,-13.770412314944307,default@1.0MHz,e2_sr1000000_f36603_idx12_fir_default__pm30p0,default@1.0MHz,default,1000000.026,-30.0,captured,True,True,-30.0,True,tar,data/raw/e2.tar.gz,e2/e2_sr1000000_f36603_idx12_fir_default__pm30p0.npz,0.07320614442882856,0.03660307221441428
40782.828756752206,29.387317083243694,116.34340907277237,0.2525911636718676,-11.951636926419123,default@1.0MHz,e2_sr1000000_f40783_idx13_fir_default__pm30p0,default@1.0MHz,default,1000000.026,-30.0,captured,True,True,-30.0,True,tar,data/raw/e2.tar.gz,e2/e2_sr1000000_f40783_idx13_fir_default__pm30p0.npz,0.08156565539279738,0.04078282769639869
45439.87642390772,35.773790621810264,116.34340907277237,0.3074844626517166,-10.243536489160203,default@1.0MHz,e2_sr1000000_f45440_idx14_fir_default__pm30p0,default@1.0MHz,default,1000000.026,-30.0,captured,True,True,-30.0,True,tar,data/raw/e2.tar.gz,e2/e2_sr1000000_f45440_idx14_fir_default__pm30p0.npz,0.09087975048494193,0.045439875242470965
50628.718810441744,43.90712561245293,116.34340907277237,0.3773924622149346,-8.464135567849517,default@1.0MHz,e2_sr1000000_f50629_idx15_fir_default__pm30p0,default@1.0MHz,default,1000000.026,-30.0,captured,True,True,-30.0,True,tar,data/raw/e2.tar.gz,e2/e2_sr1000000_f50629_idx15_fir_default__pm30p0.npz,0.10125743498819018,0.05062871749409509
56410.08229146826,53.71485451718636,116.34340907277237,0.461692286183465,-6.712947629009292,default@1.0MHz,e2_sr1000000_f56410_idx16_fir_default__pm30p0,default@1.0MHz,default,1000000.026,-30.0,captured,True,True,-30.0,True,tar,data/raw/e2.tar.gz,e2/e2_sr1000000_f56410_idx16_fir_default__pm30p0.npz,0.11282016164961232,0.05641008082480616
62851.62767093236,64.47609220004922,116.34340907277237,0.554187750848178,-5.12686155223181,default@1.0MHz,e2_sr1000000_f62852_idx17_fir_default__pm30p0,default@1.0MHz,default,1000000.026,-30.0,captured,True,True,-30.0,True,tar,data/raw/e2.tar.gz,e2/e2_sr1000000_f62852_idx17_fir_default__pm30p0.npz,0.12570325207358016,0.06285162603679008
70028.7420336378,75.43828425365136,116.34340907277237,0.6484104673816545,-3.7629996577968083,default@1.0MHz,e2_sr1000000_f70029_idx18_fir_default__pm30p0,default@1.0MHz,default,1000000.026,-30.0,captured_guard_fail,True,False,-30.0,True,tar,data/raw/e2.tar.gz,e2/e2_sr1000000_f70029_idx18_fir_default__pm30p0.npz,0.14005748042578112,0.07002874021289056
78025.42101995258,88.24457173819584,116.34340907277237,0.7584836342813299,-2.4010757100167233,default@1.0MHz,e2_sr1000000_f78025_idx19_fir_default__pm30p0,default@1.0MHz,default,1000000.026,-30.0,captured_guard_fail,True,False,-30.0,True,tar,data/raw/e2.tar.gz,e2/e2_sr1000000_f78025_idx19_fir_default__pm30p0.npz,0.1560508379825834,0.0780254189912917
86935.2518486843,97.19017073952719,116.34340907277237,0.8353732412872232,-1.5623888037647236,default@1.0MHz,e2_sr1000000_f86935_idx20_fir_default__pm30p0,default@1.0MHz,default,1000000.026,-30.0,captured_guard_fail,True,False,-30.0,True,tar,data/raw/e2.tar.gz,e2/e2_sr1000000_f86935_idx20_fir_default__pm30p0.npz,0.17387049917673564,0.08693524958836782
96862.50859269968,103.63259950838078,116.34340907277237,0.8907474891298652,-1.0049078635935242,default@1.0MHz,e2_sr1000000_f96863_idx21_fir_default__pm30p0,default@1.0MHz,default,1000000.026,-30.0,captured_guard_fail,True,False,-30.0,True,tar,data/raw/e2.tar.gz,e2/e2_sr1000000_f96863_idx21_fir_default__pm30p0.npz,0.19372501214854906,0.09686250607427453
107923.3725255819,106.88387269824486,116.34340907277237,0.9186929758211692,-0.7365920831571672,default@1.0MHz,e2_sr1000000_f107923_idx22_fir_default__pm30p0,default@1.0MHz,default,1000000.026,-30.0,captured_guard_fail,True,False,-30.0,True,tar,data/raw/e2.tar.gz,e2/e2_sr1000000_f107923_idx22_fir_default__pm30p0.npz,0.2158467394391486,0.1079233697195743
120247.29182136159,109.29048916792495,116.34340907277237,0.9393784318247383,-0.5431883092217326,default@1.0MHz,e2_sr1000000_f120247_idx23_fir_default__pm30p0,default@1.0MHz,default,1000000.026,-30.0,captured_guard_fail,True,False,-30.0,True,tar,data/raw/e2.tar.gz,e2/e2_sr1000000_f120247_idx23_fir_default__pm30p0.npz,0.24049457738986418,0.12024728869493209
133978.4965202442,111.15863716328897,116.34340907277237,0.9554356198532884,-0.3959714340203425,default@1.0MHz,e2_sr1000000_f133978_idx24_fir_default__pm30p0,default@1.0MHz,default,1000000.026,-30.0,captured_guard_fail,True,False,-30.0,True,tar,data/raw/e2.tar.gz,e2/e2_sr1000000_f133978_idx24_fir_default__pm30p0.npz,0.26795698607360674,0.13397849303680337
149277.68649036897,112.89535598384882,116.34340907277237,0.9703631420429943,-0.26131415856223694,default@1.0MHz,e2_sr1000000_f149278_idx25_fir_default__pm30p0,default@1.0MHz,default,1000000.026,-30.0,captured_guard_fail,True,False,-30.0,True,tar,data/raw/e2.tar.gz,e2/e2_sr1000000_f149278_idx25_fir_default__pm30p0.npz,0.29855536521829845,0.14927768260914923
166323.9121402571,113.90387089339197,116.34340907277237,0.9790315738654822,-0.1840660386167839,default@1.0MHz,e2_sr1000000_f166324_idx26_fir_default__pm30p0,default@1.0MHz,default,1000000.026,-30.0,captured_guard_fail,True,False,-30.0,True,tar,data/raw/e2.tar.gz,e2/e2_sr1000000_f166324_idx26_fir_default__pm30p0.npz,0.332647815631671,0.1663239078158355
185316.66989242064,114.60243724931922,116.34340907277237,0.985035922212283,-0.1309586279339768,default@1.0MHz,e2_sr1000000_f185317_idx27_fir_default__pm30p0,default@1.0MHz,default,1000000.026,-30.0,captured_guard_fail,True,False,-30.0,True,tar,data/raw/e2.tar.gz,e2/e2_sr1000000_f185317_idx27_fir_default__pm30p0.npz,0.37063333014837474,0.18531666507418737
206478.23694200048,114.7345262669337,116.34340907277237,0.9861712595611469,-0.1209531692527867,default@1.0MHz,e2_sr1000000_f206478_idx28_fir_default__pm30p0,default@1.0MHz,default,1000000.026,-30.0,captured_guard_fail,True,False,-30.0,True,tar,data/raw/e2.tar.gz,e2/e2_sr1000000_f206478_idx28_fir_default__pm30p0.npz,0.41295646314713297,0.20647823157356648
230056.27262472452,115.22968574754277,116.34340907277237,0.9904272761636805,-0.08354815556929433,default@1.0MHz,e2_sr1000000_f230056_idx29_fir_default__pm30p0,default@1.0MHz,default,1000000.026,-30.0,captured_guard_fail,True,False,-30.0,True,tar,data/raw/e2.tar.gz,e2/e2_sr1000000_f230056_idx29_fir_default__pm30p0.npz,0.4601125332865232,0.2300562666432616
256326.71683867776,115.74388320816544,116.34340907277237,0.9948469288515353,-0.04487472818372778,default@1.0MHz,e2_sr1000000_f256327_idx30_fir_default__pm30p0,default@1.0MHz,default,1000000.026,-30.0,captured_guard_fail,True,False,-30.0,True,tar,data/raw/e2.tar.gz,e2/e2_sr1000000_f256327_idx30_fir_default__pm30p0.npz,0.5126534203483666,0.2563267101741833
285597.0194408625,116.17780757055752,116.34340907277237,0.9985766146657155,-0.012372175202754415,default@1.0MHz,e2_sr1000000_f285597_idx31_fir_default__pm30p0,default@1.0MHz,default,1000000.026,-30.0,captured_guard_fail,True,False,-30.0,True,tar,data/raw/e2.tar.gz,e2/e2_sr1000000_f285597_idx31_fir_default__pm30p0.npz,0.5711940240306804,0.2855970120153402
318209.7384130214,116.34340907277237,116.34340907277237,1.0,0.0,default@1.0MHz,e2_sr1000000_f318210_idx32_fir_default__pm30p0,default@1.0MHz,default,1000000.026,-30.0,captured_guard_fail,True,False,-30.0,True,tar,data/raw/e2.tar.gz,e2/e2_sr1000000_f318210_idx32_fir_default__pm30p0.npz,0.6364194602791368,0.3182097301395684
354546.54890700104,116.16112164971116,116.34340907277237,0.998433195103066,-0.01361976696636044,default@1.0MHz,e2_sr1000000_f354547_idx33_fir_default__pm30p0,default@1.0MHz,default,1000000.026,-30.0,captured_guard_fail,True,False,-30.0,True,tar,data/raw/e2.tar.gz,e2/e2_sr1000000_f354547_idx33_fir_default__pm30p0.npz,0.709093079377582,0.354546539688791
395032.71008855104,115.20250868423666,116.34340907277237,0.9901936826707383,-0.08559697495618826,default@1.0MHz,e2_sr1000000_f395033_idx34_fir_default__pm30p0,default@1.0MHz,default,1000000.026,-30.0,captured_guard_fail,True,False,-30.0,True,tar,data/raw/e2.tar.gz,e2/e2_sr1000000_f395033_idx34_fir_default__pm30p0.npz,0.7900653996354018,0.3950326998177009
440142.04205619736,112.32691744662493,116.34340907277237,0.9654772740616949,-0.30515888856197043,default@1.0MHz,e2_sr1000000_f440142_idx35_fir_default__pm30p0,default@1.0MHz,default,1000000.026,-30.0,captured_guard_fail,True,False,-30.0,True,tar,data/raw/e2.tar.gz,e2/e2_sr1000000_f440142_idx35_fir_default__pm30p0.npz,0.8802840612250091,0.44014203061250456
490402.4710813789,103.42549599654141,116.34340907277237,0.8889673838923625,-1.0222834590078957,default@1.0MHz,e2_sr1000000_f490402_idx36_fir_default__pm30p0,default@1.0MHz,default,1000000.026,-30.0,captured_guard_fail,True,False,-30.0,True,tar,data/raw/e2.tar.gz,e2/e2_sr1000000_f490402_idx36_fir_default__pm30p0.npz,0.9808049166618301,0.49040245833091506
546402.208067224,61.26160984325348,116.34340907277237,0.5265584903476103,-5.571067603555652,default@1.0MHz,e2_sr1000000_f546402_idx37_fir_default__pm30p0,default@1.0MHz,default,1000000.026,-30.0,captured,True,True,-30.0,True,tar,data/raw/e2.tar.gz,e2/e2_sr1000000_f546402_idx37_fir_default__pm30p0.npz,1.092804387721534,0.546402193860767
608796.6325340847,15.694963597823776,116.34340907277237,0.13490204320905394,-17.399629450194595,default@1.0MHz,e2_sr1000000_f608797_idx38_fir_default__pm30p0,default@1.0MHz,default,1000000.026,-30.0,captured,True,True,-30.0,True,tar,data/raw/e2.tar.gz,e2/e2_sr1000000_f608797_idx38_fir_default__pm30p0.npz,1.2175932334107455,0.6087966167053728
678315.9626969191,13.584610783509078,116.34340907277237,0.11676304564027304,-18.653891708501703,default@1.0MHz,e2_sr1000000_f678316_idx39_fir_default__pm30p0,default@1.0MHz,default,1000000.026,-30.0,captured,True,True,-30.0,True,tar,data/raw/e2.tar.gz,e2/e2_sr1000000_f678316_idx39_fir_default__pm30p0.npz,1.3566318901214092,0.6783159450607046
755773.8013994169,11.751267716147328,116.34340907277237,0.1010050144636638,-19.913141296656068,default@1.0MHz,e2_sr1000000_f755774_idx40_fir_default__pm30p0,default@1.0MHz,default,1000000.026,-30.0,captured,True,True,-30.0,True,tar,data/raw/e2.tar.gz,e2/e2_sr1000000_f755774_idx40_fir_default__pm30p0.npz,1.511547563498597,0.7557737817492985
842076.6579201695,13.28213473766787,116.34340907277237,0.11416319019292226,-18.84947807470349,default@1.0MHz,e2_sr1000000_f842077_idx41_fir_default__pm30p0,default@1.0MHz,default,1000000.026,-30.0,captured,True,True,-30.0,True,tar,data/raw/e2.tar.gz,e2/e2_sr1000000_f842077_idx41_fir_default__pm30p0.npz,1.684153272052354,0.842076636026177
938234.5570870821,12.452728656335424,116.34340907277237,0.1070342424687443,-19.40954520589432,default@1.0MHz,e2_sr1000000_f938235_idx42_fir_default__pm30p0,default@1.0MHz,default,1000000.026,-30.0,captured,True,True,-30.0,True,tar,data/raw/e2.tar.gz,e2/e2_sr1000000_f938235_idx42_fir_default__pm30p0.npz,1.8764690653859686,0.9382345326929843
1045372.8598612307,12.516953871115337,116.34340907277237,0.10758627386692811,-19.364862670810137,default@1.0MHz,e2_sr1000000_f1045373_idx43_fir_default__pm30p0,default@1.0MHz,default,1000000.026,-30.0,captured,True,True,-30.0,True,tar,data/raw/e2.tar.gz,e2/e2_sr1000000_f1045373_idx43_fir_default__pm30p0.npz,2.090745665363074,1.045372832681537
1164745.4337295503,12.216294893803196,116.34340907277237,0.10500203656712473,-19.57604554978469,default@1.0MHz,e2_sr1000000_f1164745_idx44_fir_default__pm30p0,default@1.0MHz,default,1000000.026,-30.0,captured,True,True,-30.0,True,tar,data/raw/e2.tar.gz,e2/e2_sr1000000_f1164745_idx44_fir_default__pm30p0.npz,2.32949080689234,1.16474540344617
1297749.3270429138,11.782360125345111,116.34340907277237,0.10127226131026716,-19.890189850850124,default@1.0MHz,e2_sr1000000_f1297749_idx45_fir_default__pm30p0,default@1.0MHz,default,1000000.026,-30.0,captured,True,True,-30.0,True,tar,data/raw/e2.tar.gz,e2/e2_sr1000000_f1297749_idx45_fir_default__pm30p0.npz,2.5954985866028646,1.2977492933014323
1445941.1190371693,11.546132147561254,116.34340907277237,0.09924182417879117,-20.066105229894614,default@1.0MHz,e2_sr1000000_f1445941_idx46_fir_default__pm30p0,default@1.0MHz,default,1000000.026,-30.0,captured,True,True,-30.0,True,tar,data/raw/e2.tar.gz,e2/e2_sr1000000_f1445941_idx46_fir_default__pm30p0.npz,2.8918821628854023,1.4459410814427012
1611055.1368857082,11.110167988718283,116.34340907277237,0.0954946058162084,-20.400423192496508,default@1.0MHz,e2_sr1000000_f1611055_idx47_fir_default__pm30p0,default@1.0MHz,default,1000000.026,-30.0,captured,True,True,-30.0,True,tar,data/raw/e2.tar.gz,e2/e2_sr1000000_f1611055_idx47_fir_default__pm30p0.npz,3.2221101899965516,1.6110550949982758
1795023.7529825086,10.495020916698936,116.34340907277237,0.09020726657695184,-20.895169535821655,default@1.0MHz,e2_sr1000000_f1795024_idx48_fir_default__pm30p0,default@1.0MHz,default,1000000.026,-30.0,captured,True,True,-30.0,True,tar,data/raw/e2.tar.gz,e2/e2_sr1000000_f1795024_idx48_fir_default__pm30p0.npz,3.5900474126237847,1.7950237063118923
2000000.0,10.18297131440997,116.34340907277237,0.08752512407506093,-21.157345298187792,default@1.0MHz,e2_sr1000000_f2000000_idx49_fir_default__pm30p0,default@1.0MHz,default,1000000.026,-30.0,captured,True,True,-30.0,True,tar,data/raw/e2.tar.gz,e2/e2_sr1000000_f2000000_idx49_fir_default__pm30p0.npz,3.999999896000003,1.9999999480000015
10000.0,1.9211578458797773,117.75219521810388,0.016315261404013365,-35.748119270606914,default@1.6MHz,e2_sr1600000_f10000_idx00_fir_default__pm30p0,default@1.6MHz,default,1600000.0,-30.0,captured_guard_fail,True,False,-30.0,True,tar,data/raw/e2.tar.gz,e2/e2_sr1600000_f10000_idx00_fir_default__pm30p0.npz,0.0125,0.00625
11249.300282926362,2.3854759727868973,117.75219521810388,0.020258441622837287,-33.86787931439431,default@1.6MHz,e2_sr1600000_f11249_idx01_fir_default__pm30p0,default@1.6MHz,default,1600000.0,-30.0,captured_guard_fail,True,False,-30.0,True,tar,data/raw/e2.tar.gz,e2/e2_sr1600000_f11249_idx01_fir_default__pm30p0.npz,0.014061625353657953,0.0070308126768289765
12654.67568554469,2.9189391939103113,117.75219521810388,0.02478883037809844,-32.114879284991474,default@1.6MHz,e2_sr1600000_f12655_idx02_fir_default__pm30p0,default@1.6MHz,default,1600000.0,-30.0,captured_guard_fail,True,False,-30.0,True,tar,data/raw/e2.tar.gz,e2/e2_sr1600000_f12655_idx02_fir_default__pm30p0.npz,0.01581834460693086,0.00790917230346543
14235.624676973923,3.706780059826648,117.75219521810388,0.03147949856018265,-30.039443883489533,default@1.6MHz,e2_sr1600000_f14236_idx03_fir_default__pm30p0,default@1.6MHz,default,1600000.0,-30.0,captured_guard_fail,True,False,-30.0,True,tar,data/raw/e2.tar.gz,e2/e2_sr1600000_f14236_idx03_fir_default__pm30p0.npz,0.017794530846217405,0.008897265423108702
16014.081670631627,4.621681671415731,117.75219521810388,0.03924921877554235,-28.123379662373363,default@1.6MHz,e2_sr1600000_f16014_idx04_fir_default__pm30p0,default@1.6MHz,default,1600000.0,-30.0,captured_guard_fail,True,False,-30.0,True,tar,data/raw/e2.tar.gz,e2/e2_sr1600000_f16014_idx04_fir_default__pm30p0.npz,0.020017602088289534,0.010008801044144767
18014.721346824223,5.881676939692589,117.75219521810388,0.04994961604578483,-26.02935691546181,default@1.6MHz,e2_sr1600000_f18015_idx05_fir_default__pm30p0,default@1.6MHz,default,1600000.0,-30.0,captured_guard_fail,True,False,-30.0,True,tar,data/raw/e2.tar.gz,e2/e2_sr1600000_f18015_idx05_fir_default__pm30p0.npz,0.022518401683530278,0.011259200841765139
20265.30099436689,7.566329169975781,117.75219521810388,0.06425637463455536,-23.84167562256922,default@1.6MHz,e2_sr1600000_f20265_idx06_fir_default__pm30p0,default@1.6MHz,default,1600000.0,-30.0,captured_guard_fail,True,False,-30.0,True,tar,data/raw/e2.tar.gz,e2/e2_sr1600000_f20265_idx06_fir_default__pm30p0.npz,0.025331626242958614,0.012665813121479307
22797.045620951936,9.668638339671777,117.75219521810388,0.08211004747523608,-21.712073935305366,default@1.6MHz,e2_sr1600000_f22797_idx07_fir_default__pm30p0,default@1.6MHz,default,1600000.0,-30.0,captured_guard_fail,True,False,-30.0,True,tar,data/raw/e2.tar.gz,e2/e2_sr1600000_f22797_idx07_fir_default__pm30p0.npz,0.02849630702618992,0.01424815351309496
25645.081175365984,12.185239781894095,117.75219521810388,0.10348206043483314,-19.702698652343408,default@1.6MHz,e2_sr1600000_f25645_idx08_fir_default__pm30p0,default@1.6MHz,default,1600000.0,-30.0,captured,True,True,-30.0,True,tar,data/raw/e2.tar.gz,e2/e2_sr1600000_f25645_idx08_fir_default__pm30p0.npz,0.03205635146920748,0.01602817573460374
28848.92189217135,15.533284118256896,117.75219521810388,0.13191502790657716,-17.594114526505336,default@1.6MHz,e2_sr1600000_f28849_idx09_fir_default__pm30p0,default@1.6MHz,default,1600000.0,-30.0,captured,True,True,-30.0,True,tar,data/raw/e2.tar.gz,e2/e2_sr1600000_f28849_idx09_fir_default__pm30p0.npz,0.03606115236521419,0.018030576182607096
32453.01852037237,19.833659088009274,117.75219521810388,0.16843557821807756,-15.471323364590843,default@1.6MHz,e2_sr1600000_f32453_idx10_fir_default__pm30p0,default@1.6MHz,default,1600000.0,-30.0,captured,True,True,-30.0,True,tar,data/raw/e2.tar.gz,e2/e2_sr1600000_f32453_idx10_fir_default__pm30p0.npz,0.040566273150465466,0.020283136575232733
36507.37504230394,24.7892038529489,117.75219521810388,0.2105200994939725,-13.534128668053114,default@1.6MHz,e2_sr1600000_f36507_idx11_fir_default__pm30p0,default@1.6MHz,default,1600000.0,-30.0,captured,True,True,-30.0,True,tar,data/raw/e2.tar.gz,e2/e2_sr1600000_f36507_idx11_fir_default__pm30p0.npz,0.04563421880287992,0.02281710940143996
41068.24243922877,31.399638419509547,117.75219521810388,0.2666586245916712,-11.480887305663847,default@1.6MHz,e2_sr1600000_f41068_idx12_fir_default__pm30p0,default@1.6MHz,default,1600000.0,-30.0,captured,True,True,-30.0,True,tar,data/raw/e2.tar.gz,e2/e2_sr1600000_f41068_idx12_fir_default__pm30p0.npz,0.05133530304903597,0.025667651524517984
46198.89912909047,39.230182561945995,117.75219521810388,0.33315882127957586,-9.546973662485458,default@1.6MHz,e2_sr1600000_f46199_idx13_fir_default__pm30p0,default@1.6MHz,default,1600000.0,-30.0,captured,True,True,-30.0,True,tar,data/raw/e2.tar.gz,e2/e2_sr1600000_f46199_idx13_fir_default__pm30p0.npz,0.05774862391136308,0.02887431195568154
51970.52890437639,49.18080120871826,117.75219521810388,0.4176635613257504,-7.583468254116214,default@1.6MHz,e2_sr1600000_f51971_idx14_fir_default__pm30p0,default@1.6MHz,default,1600000.0,-30.0,captured,True,True,-30.0,True,tar,data/raw/e2.tar.gz,e2/e2_sr1600000_f51971_idx14_fir_default__pm30p0.npz,0.06496316113047049,0.032481580565235244
58463.2085507834,60.63757283656118,117.75219521810388,0.5149591710307106,-5.76454405991349,default@1.6MHz,e2_sr1600000_f58463_idx15_fir_default__pm30p0,default@1.6MHz,default,1600000.0,-30.0,captured,True,True,-30.0,True,tar,data/raw/e2.tar.gz,e2/e2_sr1600000_f58463_idx15_fir_default__pm30p0.npz,0.07307901068847925,0.03653950534423962
65767.01884911093,73.10514792043313,117.75219521810388,0.6208389387987693,-4.140421041985009,default@1.6MHz,e2_sr1600000_f65767_idx16_fir_default__pm30p0,default@1.6MHz,default,1600000.0,-30.0,captured,True,True,-30.0,True,tar,data/raw/e2.tar.gz,e2/e2_sr1600000_f65767_idx16_fir_default__pm30p0.npz,0.08220877356138866,0.04110438678069433
73983.2943746527,87.59438691867334,117.75219521810388,0.7438875067800527,-2.569854699795134,default@1.6MHz,e2_sr1600000_f73983_idx17_fir_default__pm30p0,default@1.6MHz,default,1600000.0,-30.0,captured_guard_fail,True,False,-30.0,True,tar,data/raw/e2.tar.gz,e2/e2_sr1600000_f73983_idx17_fir_default__pm30p0.npz,0.09247911796831587,0.046239558984157936
83226.0294340605,99.41076002202729,117.75219521810388,0.8442369998953814,-1.4707123637395387,default@1.6MHz,e2_sr1600000_f83226_idx18_fir_default__pm30p0,default@1.6MHz,default,1600000.0,-30.0,captured_guard_fail,True,False,-30.0,True,tar,data/raw/e2.tar.gz,e2/e2_sr1600000_f83226_idx18_fir_default__pm30p0.npz,0.10403253679257563,0.05201626839628781
93623.45964594127,104.924730523433,117.75219521810388,0.8910639018583772,-1.0018229960450022,default@1.6MHz,e2_sr1600000_f93623_idx19_fir_default__pm30p0,default@1.6MHz,default,1600000.0,-30.0,captured_guard_fail,True,False,-30.0,True,tar,data/raw/e2.tar.gz,e2/e2_sr1600000_f93623_idx19_fir_default__pm30p0.npz,0.1170293245574266,0.0585146622787133
105319.84110836321,108.75073802182685,117.75219521810388,0.9235559287909301,-0.6907359875868551,default@1.6MHz,e2_sr1600000_f105320_idx20_fir_default__pm30p0,default@1.6MHz,default,1600000.0,-30.0,captured_guard_fail,True,False,-30.0,True,tar,data/raw/e2.tar.gz,e2/e2_sr1600000_f105320_idx20_fir_default__pm30p0.npz,0.131649801385454,0.065824900692727
118477.45183780698,111.18049605278938,117.75219521810388,0.9441904318374514,-0.49880809803282433,default@1.6MHz,e2_sr1600000_f118477_idx21_fir_default__pm30p0,default@1.6MHz,default,1600000.0,-30.0,captured_guard_fail,True,False,-30.0,True,tar,data/raw/e2.tar.gz,e2/e2_sr1600000_f118477_idx21_fir_default__pm30p0.npz,0.14809681479725872,0.07404840739862936
133278.84324794365,113.127111436952,117.75219521810388,0.9607218891114075,-0.3480462841867744,default@1.6MHz,e2_sr1600000_f133279_idx22_fir_default__pm30p0,default@1.6MHz,default,1600000.0,-30.0,captured_guard_fail,True,False,-30.0,True,tar,data/raw/e2.tar.gz,e2/e2_sr1600000_f133279_idx22_fir_default__pm30p0.npz,0.16659855405992954,0.08329927702996477
149929.37290571877,114.49746093702144,117.75219521810388,0.9723594598380614,-0.24346312606082596,default@1.6MHz,e2_sr1600000_f149929_idx23_fir_default__pm30p0,default@1.6MHz,default,1600000.0,-30.0,captured_guard_fail,True,False,-30.0,True,tar,data/raw/e2.tar.gz,e2/e2_sr1600000_f149929_idx23_fir_default__pm30p0.npz,0.18741171613214846,0.09370585806607423
168660.05370472744,115.66608406347295,117.75219521810388,0.9822838873554164,-0.15525959468348882,default@1.6MHz,e2_sr1600000_f168660_idx24_fir_default__pm30p0,default@1.6MHz,default,1600000.0,-30.0,captured_guard_fail,True,False,-30.0,True,tar,data/raw/e2.tar.gz,e2/e2_sr1600000_f168660_idx24_fir_default__pm30p0.npz,0.2108250671309093,0.10541253356545464
189730.7589858966,116.97727187806076,117.75219521810388,0.9934190327525718,-0.057350473684539716,default@1.6MHz,e2_sr1600000_f189731_idx25_fir_default__pm30p0,default@1.6MHz,default,1600000.0,-30.0,captured_guard_fail,True,False,-30.0,True,tar,data/raw/e2.tar.gz,e2/e2_sr1600000_f189731_idx25_fir_default__pm30p0.npz,0.23716344873237075,0.11858172436618537
213433.8280739876,117.47275240131941,117.75219521810388,0.997626856838916,-0.02063735699078667,default@1.6MHz,e2_sr1600000_f213434_idx26_fir_default__pm30p0,default@1.6MHz,default,1600000.0,-30.0,captured_guard_fail,True,False,-30.0,True,tar,data/raw/e2.tar.gz,e2/e2_sr1600000_f213434_idx26_fir_default__pm30p0.npz,0.2667922850924845,0.13339614254624224
240098.12225387653,117.75219521810388,117.75219521810388,1.0,0.0,default@1.6MHz,e2_sr1600000_f240098_idx27_fir_default__pm30p0,default@1.6MHz,default,1600000.0,-30.0,captured_guard_fail,True,False,-30.0,True,tar,data/raw/e2.tar.gz,e2/e2_sr1600000_f240098_idx27_fir_default__pm30p0.npz,0.3001226528173457,0.15006132640867284
270093.5874600622,117.50395066518418,117.75219521810388,0.9978918053080887,-0.018330875753417533,default@1.6MHz,e2_sr1600000_f270094_idx28_fir_default__pm30p0,default@1.6MHz,default,1600000.0,-30.0,captured_guard_fail,True,False,-30.0,True,tar,data/raw/e2.tar.gz,e2/e2_sr1600000_f270094_idx28_fir_default__pm30p0.npz,0.3376169843250777,0.16880849216253885
303836.38698310737,116.83061650958082,117.75219521810388,0.9921735751353418,-0.06824687689222957,default@1.6MHz,e2_sr1600000_f303836_idx29_fir_default__pm30p0,default@1.6MHz,default,1600000.0,-30.0,captured_guard_fail,True,False,-30.0,True,tar,data/raw/e2.tar.gz,e2/e2_sr1600000_f303836_idx29_fir_default__pm30p0.npz,0.3797954837288842,0.1898977418644421
341794.67540523864,116.48387586511072,117.75219521810388,0.9892289111838302,-0.09406398887310172,default@1.6MHz,e2_sr1600000_f341795_idx30_fir_default__pm30p0,default@1.6MHz,default,1600000.0,-30.0,captured_guard_fail,True,False,-30.0,True,tar,data/raw/e2.tar.gz,e2/e2_sr1600000_f341795_idx30_fir_default__pm30p0.npz,0.4272433442565483,0.21362167212827415
384495.09387388756,116.62620630247697,117.75219521810388,0.9904376397098897,-0.08345726939335009,default@1.6MHz,e2_sr1600000_f384495_idx31_fir_default__pm30p0,default@1.6MHz,default,1600000.0,-30.0,captured_guard_fail,True,False,-30.0,True,tar,data/raw/e2.tar.gz,e2/e2_sr1600000_f384495_idx31_fir_default__pm30p0.npz,0.4806188673423594,0.2403094336711797
432530.07682993216,117.10211549028372,117.75219521810388,0.9944792559780643,-0.048085429437847105,default@1.6MHz,e2_sr1600000_f432530_idx32_fir_default__pm30p0,default@1.6MHz,default,1600000.0,-30.0,captured_guard_fail,True,False,-30.0,True,tar,data/raw/e2.tar.gz,e2/e2_sr1600000_f432530_idx32_fir_default__pm30p0.npz,0.5406625960374152,0.2703312980187076
486566.0715657107,117.25833958302391,117.75219521810388,0.9958059751313746,-0.03650544313929737,default@1.6MHz,e2_sr1600000_f486566_idx33_fir_default__pm30p0,default@1.6MHz,default,1600000.0,-30.0,captured_guard_fail,True,False,-30.0,True,tar,data/raw/e2.tar.gz,e2/e2_sr1600000_f486566_idx33_fir_default__pm30p0.npz,0.6082075894571384,0.3041037947285692
547352.7846526519,117.04879971129162,117.75219521810388,0.9940264764872586,-0.052040955128596716,default@1.6MHz,e2_sr1600000_f547353_idx34_fir_default__pm30p0,default@1.6MHz,default,1600000.0,-30.0,captured_guard_fail,True,False,-30.0,True,tar,data/raw/e2.tar.gz,e2/e2_sr1600000_f547353_idx34_fir_default__pm30p0.npz,0.6841909808158149,0.34209549040790743
615733.5835253609,116.32565371427627,117.75219521810388,0.9878852237006255,-0.105870209645227,default@1.6MHz,e2_sr1600000_f615734_idx35_fir_default__pm30p0,default@1.6MHz,default,1600000.0,-30.0,captured_guard_fail,True,False,-30.0,True,tar,data/raw/e2.tar.gz,e2/e2_sr1600000_f615734_idx35_fir_default__pm30p0.npz,0.7696669794067011,0.3848334897033506
692657.1975359105,113.5802157101355,117.75219521810388,0.9645698366791301,-0.3133264628095871,default@1.6MHz,e2_sr1600000_f692657_idx36_fir_default__pm30p0,default@1.6MHz,default,1600000.0,-30.0,captured_guard_fail,True,False,-30.0,True,tar,data/raw/e2.tar.gz,e2/e2_sr1600000_f692657_idx36_fir_default__pm30p0.npz,0.8658214969198882,0.4329107484599441
779190.8808211684,105.1111810900181,117.75219521810388,0.8926473166409192,-0.9864019239314553,default@1.6MHz,e2_sr1600000_f779191_idx37_fir_default__pm30p0,default@1.6MHz,default,1600000.0,-30.0,captured_guard_fail,True,False,-30.0,True,tar,data/raw/e2.tar.gz,e2/e2_sr1600000_f779191_idx37_fir_default__pm30p0.npz,0.9739886010264606,0.4869943005132303
876535.2196075212,58.64294763677682,117.75219521810388,0.4980199946859311,-6.055064413582791,default@1.6MHz,e2_sr1600000_f876535_idx38_fir_default__pm30p0,default@1.6MHz,default,1600000.0,-30.0,captured,True,True,-30.0,True,tar,data/raw/e2.tar.gz,e2/e2_sr1600000_f876535_idx38_fir_default__pm30p0.npz,1.0956690245094014,0.5478345122547007
986040.789392581,14.32086425495881,117.75219521810388,0.12161866051357521,-18.299995682792954,default@1.6MHz,e2_sr1600000_f986041_idx39_fir_default__pm30p0,default@1.6MHz,default,1600000.0,-30.0,captured,True,True,-30.0,True,tar,data/raw/e2.tar.gz,e2/e2_sr1600000_f986041_idx39_fir_default__pm30p0.npz,1.2325509867407263,0.6162754933703631
1109226.8931090871,13.839276508295288,117.75219521810388,0.11752881959153115,-18.597112513822566,default@1.6MHz,e2_sr1600000_f1109227_idx40_fir_default__pm30p0,default@1.6MHz,default,1600000.0,-30.0,captured,True,True,-30.0,True,tar,data/raw/e2.tar.gz,e2/e2_sr1600000_f1109227_idx40_fir_default__pm30p0.npz,1.3865336163863589,0.6932668081931794
1247802.6402481585,12.879146574156849,117.75219521810388,0.10937500188681609,-19.22163852955328,default@1.6MHz,e2_sr1600000_f1247803_idx41_fir_default__pm30p0,default@1.6MHz,default,1600000.0,-30.0,captured,True,True,-30.0,True,tar,data/raw/e2.tar.gz,e2/e2_sr1600000_f1247803_idx41_fir_default__pm30p0.npz,1.5597533003101982,0.7798766501550991
1403690.6593979872,12.15823542000164,117.75219521810388,0.10325272830355153,-19.72196927836628,default@1.6MHz,e2_sr1600000_f1403691_idx42_fir_default__pm30p0,default@1.6MHz,default,1600000.0,-30.0,captured,True,True,-30.0,True,tar,data/raw/e2.tar.gz,e2/e2_sr1600000_f1403691_idx42_fir_default__pm30p0.npz,1.754613324247484,0.877306662123742
1579053.773190687,11.746020755130036,117.75219521810388,0.09975203208206633,-20.02156496785405,default@1.6MHz,e2_sr1600000_f1579054_idx43_fir_default__pm30p0,default@1.6MHz,default,1600000.0,-30.0,captured,True,True,-30.0,True,tar,data/raw/e2.tar.gz,e2/e2_sr1600000_f1579054_idx43_fir_default__pm30p0.npz,1.9738172164883587,0.9869086082441794
1776325.0057509937,11.375303818841097,117.75219521810388,0.09660375161389938,-20.30012014796814,default@1.6MHz,e2_sr1600000_f1776325_idx44_fir_default__pm30p0,default@1.6MHz,default,1600000.0,-30.0,captured,True,True,-30.0,True,tar,data/raw/e2.tar.gz,e2/e2_sr1600000_f1776325_idx44_fir_default__pm30p0.npz,2.220406257188742,1.110203128594371
1998241.3389763786,11.318227415741603,117.75219521810388,0.09611903535876906,-20.343811927663587,default@1.6MHz,e2_sr1600000_f1998241_idx45_fir_default__pm30p0,default@1.6MHz,default,1600000.0,-30.0,captured,True,True,-30.0,True,tar,data/raw/e2.tar.gz,e2/e2_sr1600000_f1998241_idx45_fir_default__pm30p0.npz,2.497801673720473,1.2489008368602366
2247881.6859902083,10.945902249479298,117.75219521810388,0.09295709714120398,-20.63434893729372,default@1.6MHz,e2_sr1600000_f2247882_idx46_fir_default__pm30p0,default@1.6MHz,default,1600000.0,-30.0,captured,True,True,-30.0,True,tar,data/raw/e2.tar.gz,e2/e2_sr1600000_f2247882_idx46_fir_default__pm30p0.npz,2.8098521074877603,1.4049260537438801
2528709.608619464,10.615622080280536,117.75219521810388,0.09015222230564778,-20.90047126387113,default@1.6MHz,e2_sr1600000_f2528710_idx47_fir_default__pm30p0,default@1.6MHz,default,1600000.0,-30.0,captured,True,True,-30.0,True,tar,data/raw/e2.tar.gz,e2/e2_sr1600000_f2528710_idx47_fir_default__pm30p0.npz,3.16088701077433,1.580443505387165
2844621.3715681545,10.757494520200819,117.75219521810388,0.09135706132930677,-20.78515757535168,default@1.6MHz,e2_sr1600000_f2844621_idx48_fir_default__pm30p0,default@1.6MHz,default,1600000.0,-30.0,captured,True,True,-30.0,True,tar,data/raw/e2.tar.gz,e2/e2_sr1600000_f2844621_idx48_fir_default__pm30p0.npz,3.555776714460193,1.7778883572300965
3200000.0,12.70446981760083,117.75219521810388,0.10789157513428313,-19.34024932979721,default@1.6MHz,e2_sr1600000_f3200000_idx49_fir_default__pm30p0,default@1.6MHz,default,1600000.0,-30.0,captured,True,True,-30.0,True,tar,data/raw/e2.tar.gz,e2/e2_sr1600000_f3200000_idx49_fir_default__pm30p0.npz,4.0,2.0
10000.0,2.1633279579041913,119.46109572220976,0.018109058391149457,-34.84208261841164,default@2.4MHz,e2_sr2400000_f10000_idx00_fir_default__pm30p0,default@2.4MHz,default,2400000.0,-30.0,captured_guard_fail,True,False,-30.0,True,tar,data/raw/e2.tar.gz,e2/e2_sr2400000_f10000_idx00_fir_default__pm30p0.npz,0.008333333333333333,0.004166666666666667
11342.772168952628,2.4900401614008043,119.46109572220976,0.02084394209133196,-33.62040284122232,default@2.4MHz,e2_sr2400000_f11343_idx01_fir_default__pm30p0,default@2.4MHz,default,2400000.0,-30.0,captured_guard_fail,True,False,-30.0,True,tar,data/raw/e2.tar.gz,e2/e2_sr2400000_f11343_idx01_fir_default__pm30p0.npz,0.009452310140793856,0.004726155070396928
12865.848047676629,3.1919780856280084,119.46109572220976,0.026719812557642292,-31.463331856165734,default@2.4MHz,e2_sr2400000_f12866_idx02_fir_default__pm30p0,default@2.4MHz,default,2400000.0,-30.0,captured_guard_fail,True,False,-30.0,True,tar,data/raw/e2.tar.gz,e2/e2_sr2400000_f12866_idx02_fir_default__pm30p0.npz,0.010721540039730524,0.005360770019865262
14593.438316515994,3.9362237004598426,119.46109572220976,0.03294983757400807,-29.642934438325604,default@2.4MHz,e2_sr2400000_f14593_idx03_fir_default__pm30p0,default@2.4MHz,default,2400000.0,-30.0,captured_guard_fail,True,False,-30.0,True,tar,data/raw/e2.tar.gz,e2/e2_sr2400000_f14593_idx03_fir_default__pm30p0.npz,0.012161198597096662,0.006080599298548331
16553.00459859045,5.075882227758826,119.46109572220976,0.04248983484599946,-27.434299139381984,default@2.4MHz,e2_sr2400000_f16553_idx04_fir_default__pm30p0,default@2.4MHz,default,2400000.0,-30.0,captured_guard_fail,True,False,-30.0,True,tar,data/raw/e2.tar.gz,e2/e2_sr2400000_f16553_idx04_fir_default__pm30p0.npz,0.013794170498825375,0.006897085249412687
18775.69598734366,6.719091715286986,119.46109572220976,0.05624501997630511,-24.99831849279648,default@2.4MHz,e2_sr2400000_f18776_idx05_fir_default__pm30p0,default@2.4MHz,default,2400000.0,-30.0,captured_guard_fail,True,False,-30.0,True,tar,data/raw/e2.tar.gz,e2/e2_sr2400000_f18776_idx05_fir_default__pm30p0.npz,0.015646413322786382,0.007823206661393191
21296.84418979572,8.62343093177175,119.46109572220976,0.07218610276122316,-22.83092809155808,default@2.4MHz,e2_sr2400000_f21297_idx06_fir_default__pm30p0,default@2.4MHz,default,2400000.0,-30.0,captured_guard_fail,True,False,-30.0,True,tar,data/raw/e2.tar.gz,e2/e2_sr2400000_f21297_idx06_fir_default__pm30p0.npz,0.0177473701581631,0.00887368507908155
24156.525156253534,11.241592588187215,119.46109572220976,0.09410254041473035,-20.52797304193166,default@2.4MHz,e2_sr2400000_f24157_idx07_fir_default__pm30p0,default@2.4MHz,default,2400000.0,-30.0,captured,True,True,-30.0,True,tar,data/raw/e2.tar.gz,e2/e2_sr2400000_f24157_idx07_fir_default__pm30p0.npz,0.02013043763021128,0.01006521881510564
27400.196124095663,14.514211153431697,119.46109572220976,0.1214973884651325,-18.308661138823087,default@2.4MHz,e2_sr2400000_f27400_idx08_fir_default__pm30p0,default@2.4MHz,default,2400000.0,-30.0,captured,True,True,-30.0,True,tar,data/raw/e2.tar.gz,e2/e2_sr2400000_f27400_idx08_fir_default__pm30p0.npz,0.02283349677007972,0.01141674838503986
31079.41820202359,18.754948213087896,119.46109572220976,0.15699628485494502,-16.082212491444263,default@2.4MHz,e2_sr2400000_f31079_idx09_fir_default__pm30p0,default@2.4MHz,default,2400000.0,-30.0,captured,True,True,-30.0,True,tar,data/raw/e2.tar.gz,e2/e2_sr2400000_f31079_idx09_fir_default__pm30p0.npz,0.025899515168352993,0.012949757584176496
35252.675980915286,24.051978497273844,119.46109572220976,0.2013373337308356,-13.921513739192395,default@2.4MHz,e2_sr2400000_f35253_idx10_fir_default__pm30p0,default@2.4MHz,default,2400000.0,-30.0,captured,True,True,-30.0,True,tar,data/raw/e2.tar.gz,e2/e2_sr2400000_f35253_idx10_fir_default__pm30p0.npz,0.029377229984096073,0.014688614992048037
39986.30719974307,30.739516086998123,119.46109572220976,0.25731821645499225,-11.79058934957139,default@2.4MHz,e2_sr2400000_f39986_idx11_fir_default__pm30p0,default@2.4MHz,default,2400000.0,-30.0,captured,True,True,-30.0,True,tar,data/raw/e2.tar.gz,e2/e2_sr2400000_f39986_idx11_fir_default__pm30p0.npz,0.03332192266645256,0.01666096133322628
45355.557244443575,39.46639265532967,119.46109572220976,0.33037025499166106,-9.619981229122148,default@2.4MHz,e2_sr2400000_f45356_idx12_fir_default__pm30p0,default@2.4MHz,default,2400000.0,-30.0,captured,True,True,-30.0,True,tar,data/raw/e2.tar.gz,e2/e2_sr2400000_f45356_idx12_fir_default__pm30p0.npz,0.03779629770370298,0.01889814885185149
51445.77524196123,49.54977642333088,119.46109572220976,0.4147775150041485,-7.643695893022581,default@2.4MHz,e2_sr2400000_f51446_idx13_fir_default__pm30p0,default@2.4MHz,default,2400000.0,-30.0,captured,True,True,-30.0,True,tar,data/raw/e2.tar.gz,e2/e2_sr2400000_f51446_idx13_fir_default__pm30p0.npz,0.042871479368301026,0.021435739684150513
58353.77076247099,62.27453970207911,119.46109572220976,0.5212955676121532,-5.658319354126686,default@2.4MHz,e2_sr2400000_f58354_idx14_fir_default__pm30p0,default@2.4MHz,default,2400000.0,-30.0,captured,True,True,-30.0,True,tar,data/raw/e2.tar.gz,e2/e2_sr2400000_f58354_idx14_fir_default__pm30p0.npz,0.048628142302059155,0.024314071151029577
66189.35269579961,77.54611006409141,119.46109572220976,0.6491327540173761,-3.753329532671932,default@2.4MHz,e2_sr2400000_f66189_idx15_fir_default__pm30p0,default@2.4MHz,default,2400000.0,-30.0,captured,True,True,-30.0,True,tar,data/raw/e2.tar.gz,e2/e2_sr2400000_f66189_idx15_fir_default__pm30p0.npz,0.05515779391316634,0.02757889695658317
75077.07476389053,93.01755757118849,119.46109572220976,0.7786430972262965,-2.1732312425247575,default@2.4MHz,e2_sr2400000_f75077_idx16_fir_default__pm30p0,default@2.4MHz,default,2400000.0,-30.0,captured_guard_fail,True,False,-30.0,True,tar,data/raw/e2.tar.gz,e2/e2_sr2400000_f75077_idx16_fir_default__pm30p0.npz,0.06256422896990878,0.03128211448495439
85158.21541582332,102.63945958707222,119.46109572220976,0.8591873276112089,-1.31824274250657,default@2.4MHz,e2_sr2400000_f85158_idx17_fir_default__pm30p0,default@2.4MHz,default,2400000.0,-30.0,captured_guard_fail,True,False,-30.0,True,tar,data/raw/e2.tar.gz,e2/e2_sr2400000_f85158_idx17_fir_default__pm30p0.npz,0.0709651795131861,0.03548258975659305
96593.02357762733,107.70830507270611,119.46109572220976,0.9016182584091381,-0.8995460420329814,default@2.4MHz,e2_sr2400000_f96593_idx18_fir_default__pm30p0,default@2.4MHz,default,2400000.0,-30.0,captured_guard_fail,True,False,-30.0,True,tar,data/raw/e2.tar.gz,e2/e2_sr2400000_f96593_idx18_fir_default__pm30p0.npz,0.08049418631468945,0.040247093157344725
109563.26595512962,110.624701350751,119.46109572220976,0.926031196030492,-0.6674876521995157,default@2.4MHz,e2_sr2400000_f109563_idx19_fir_default__pm30p0,default@2.4MHz,default,2400000.0,-30.0,captured_guard_fail,True,False,-30.0,True,tar,data/raw/e2.tar.gz,e2/e2_sr2400000_f109563_idx19_fir_default__pm30p0.npz,0.09130272162927469,0.045651360814637346
124275.11638153992,112.86221006341013,119.46109572220976,0.9447612160351816,-0.4935588702877822,default@2.4MHz,e2_sr2400000_f124275_idx20_fir_default__pm30p0,default@2.4MHz,default,2400000.0,-30.0,captured_guard_fail,True,False,-30.0,True,tar,data/raw/e2.tar.gz,e2/e2_sr2400000_f124275_idx20_fir_default__pm30p0.npz,0.1035625969846166,0.0517812984923083
140962.43313858798,114.57268371912357,119.46109572220976,0.9590794645442269,-0.36290815724741754,default@2.4MHz,e2_sr2400000_f140962_idx21_fir_default__pm30p0,default@2.4MHz,default,2400000.0,-30.0,captured_guard_fail,True,False,-30.0,True,tar,data/raw/e2.tar.gz,e2/e2_sr2400000_f140962_idx21_fir_default__pm30p0.npz,0.11746869428215664,0.05873434714107832
159890.4763472221,115.8091648588505,119.46109572220976,0.9694299567463258,-0.2696712819369753,default@2.4MHz,e2_sr2400000_f159890_idx22_fir_default__pm30p0,default@2.4MHz,default,2400000.0,-30.0,captured_guard_fail,True,False,-30.0,True,tar,data/raw/e2.tar.gz,e2/e2_sr2400000_f159890_idx22_fir_default__pm30p0.npz,0.1332420636226851,0.06662103181134255
181360.12451918493,116.76415754078877,119.46109572220976,0.9774241298799707,-0.19833887308215548,default@2.4MHz,e2_sr2400000_f181360_idx23_fir_default__pm30p0,default@2.4MHz,default,2400000.0,-30.0,captured_guard_fail,True,False,-30.0,True,tar,data/raw/e2.tar.gz,e2/e2_sr2400000_f181360_idx23_fir_default__pm30p0.npz,0.15113343709932078,0.07556671854966039
205712.65729539937,117.84094818389671,119.46109572220976,0.9864378647415015,-0.11860531112005601,default@2.4MHz,e2_sr2400000_f205713_idx24_fir_default__pm30p0,default@2.4MHz,default,2400000.0,-30.0,captured_guard_fail,True,False,-30.0,True,tar,data/raw/e2.tar.gz,e2/e2_sr2400000_f205713_idx24_fir_default__pm30p0.npz,0.17142721441283282,0.08571360720641641
233335.18039715456,118.51052881185421,119.46109572220976,0.9920428746730571,-0.06939115708686303,default@2.4MHz,e2_sr2400000_f233335_idx25_fir_default__pm30p0,default@2.4MHz,default,2400000.0,-30.0,captured_guard_fail,True,False,-30.0,True,tar,data/raw/e2.tar.gz,e2/e2_sr2400000_f233335_idx25_fir_default__pm30p0.npz,0.19444598366429547,0.09722299183214773
264666.7790246385,119.26270966158934,119.46109572220976,0.998339324954111,-0.014436430603848048,default@2.4MHz,e2_sr2400000_f264667_idx26_fir_default__pm30p0,default@2.4MHz,default,2400000.0,-30.0,captured_guard_fail,True,False,-30.0,True,tar,data/raw/e2.tar.gz,e2/e2_sr2400000_f264667_idx26_fir_default__pm30p0.npz,0.22055564918719878,0.11027782459359939
300205.4975167005,119.46109572220976,119.46109572220976,1.0,0.0,default@2.4MHz,e2_sr2400000_f300205_idx27_fir_default__pm30p0,default@2.4MHz,default,2400000.0,-30.0,captured_guard_fail,True,False,-30.0,True,tar,data/raw/e2.tar.gz,e2/e2_sr2400000_f300205_idx27_fir_default__pm30p0.npz,0.2501712479305837,0.12508562396529185
340516.25621990074,119.1610928398976,119.46109572220976,0.9974886980527136,-0.02184032688239001,default@2.4MHz,e2_sr2400000_f340516_idx28_fir_default__pm30p0,default@2.4MHz,default,2400000.0,-30.0,captured_guard_fail,True,False,-30.0,True,tar,data/raw/e2.tar.gz,e2/e2_sr2400000_f340516_idx28_fir_default__pm30p0.npz,0.2837635468499173,0.14188177342495864
386239.8314127032,118.41156613226853,119.46109572220976,0.9912144653989968,-0.07664737321446931,default@2.4MHz,e2_sr2400000_f386240_idx29_fir_default__pm30p0,default@2.4MHz,default,2400000.0,-30.0,captured_guard_fail,True,False,-30.0,True,tar,data/raw/e2.tar.gz,e2/e2_sr2400000_f386240_idx29_fir_default__pm30p0.npz,0.3218665261772527,0.16093326308862635
438103.0410288964,117.5121495580955,119.46109572220976,0.9836855157544656,-0.14287446637867185,default@2.4MHz,e2_sr2400000_f438103_idx30_fir_default__pm30p0,default@2.4MHz,default,2400000.0,-30.0,captured_guard_fail,True,False,-30.0,True,tar,data/raw/e2.tar.gz,e2/e2_sr2400000_f438103_idx30_fir_default__pm30p0.npz,0.36508586752408034,0.18254293376204017
496930.29809160775,116.99787448426275,119.46109572220976,0.9793805571340574,-0.18097043872697677,default@2.4MHz,e2_sr2400000_f496930_idx31_fir_default__pm30p0,default@2.4MHz,default,2400000.0,-30.0,captured_guard_fail,True,False,-30.0,True,tar,data/raw/e2.tar.gz,e2/e2_sr2400000_f496930_idx31_fir_default__pm30p0.npz,0.41410858174300647,0.20705429087150323
563656.7155102821,117.04958949137044,119.46109572220976,0.9798134596350351,-0.1771319792619672,default@2.4MHz,e2_sr2400000_f563657_idx32_fir_default__pm30p0,default@2.4MHz,default,2400000.0,-30.0,captured_guard_fail,True,False,-30.0,True,tar,data/raw/e2.tar.gz,e2/e2_sr2400000_f563657_idx32_fir_default__pm30p0.npz,0.4697139295919017,0.23485696479595086
639342.9705533276,117.26096661299724,119.46109572220976,0.9815828818921214,-0.1614604800427301,default@2.4MHz,e2_sr2400000_f639343_idx33_fir_default__pm30p0,default@2.4MHz,default,2400000.0,-30.0,captured_guard_fail,True,False,-30.0,True,tar,data/raw/e2.tar.gz,e2/e2_sr2400000_f639343_idx33_fir_default__pm30p0.npz,0.5327858087944397,0.26639290439721985
725192.1652807783,117.27233683182158,119.46109572220976,0.9816780611532491,-0.1606182929034567,default@2.4MHz,e2_sr2400000_f725192_idx34_fir_default__pm30p0,default@2.4MHz,default,2400000.0,-30.0,captured_guard_fail,True,False,-30.0,True,tar,data/raw/e2.tar.gz,e2/e2_sr2400000_f725192_idx34_fir_default__pm30p0.npz,0.6043268044006486,0.3021634022003243
822568.9509489306,116.88167668460059,119.46109572220976,0.978407873944106,-0.18960121762192775,default@2.4MHz,e2_sr2400000_f822569_idx35_fir_default__pm30p0,default@2.4MHz,default,2400000.0,-30.0,captured_guard_fail,True,False,-30.0,True,tar,data/raw/e2.tar.gz,e2/e2_sr2400000_f822569_idx35_fir_default__pm30p0.npz,0.6854741257907755,0.34273706289538775
933021.220386807,115.3322065248032,119.46109572220976,0.9654373737956689,-0.3055178576211837,default@2.4MHz,e2_sr2400000_f933021_idx36_fir_default__pm30p0,default@2.4MHz,default,2400000.0,-30.0,captured_guard_fail,True,False,-30.0,True,tar,data/raw/e2.tar.gz,e2/e2_sr2400000_f933021_idx36_fir_default__pm30p0.npz,0.7775176836556725,0.38875884182783627
1058304.7131645689,110.58166830687735,119.46109572220976,0.9256709696018501,-0.670867123370896,default@2.4MHz,e2_sr2400000_f1058305_idx37_fir_default__pm30p0,default@2.4MHz,default,2400000.0,-30.0,captured_guard_fail,True,False,-30.0,True,tar,data/raw/e2.tar.gz,e2/e2_sr2400000_f1058305_idx37_fir_default__pm30p0.npz,0.8819205943038074,0.4409602971519037
1200410.9246754465,84.27624103863414,119.46109572220976,0.7054701828167295,-3.030426745543905,default@2.4MHz,e2_sr2400000_f1200411_idx38_fir_default__pm30p0,default@2.4MHz,default,2400000.0,-30.0,captured_guard_fail,True,False,-30.0,True,tar,data/raw/e2.tar.gz,e2/e2_sr2400000_f1200411_idx38_fir_default__pm30p0.npz,1.0003424372295386,0.5001712186147693
1361598.7627715343,28.627562049424455,119.46109572220976,0.23963920535262698,-12.408842584132314,default@2.4MHz,e2_sr2400000_f1361599_idx39_fir_default__pm30p0,default@2.4MHz,default,2400000.0,-30.0,captured,True,True,-30.0,True,tar,data/raw/e2.tar.gz,e2/e2_sr2400000_f1361599_idx39_fir_default__pm30p0.npz,1.1346656356429452,0.5673328178214726
1544430.4551645292,12.133503793444978,119.46109572220976,0.10156866317097711,-19.864805272371704,default@2.4MHz,e2_sr2400000_f1544430_idx40_fir_default__pm30p0,default@2.4MHz,default,2400000.0,-30.0,captured,True,True,-30.0,True,tar,data/raw/e2.tar.gz,e2/e2_sr2400000_f1544430_idx40_fir_default__pm30p0.npz,1.2870253793037743,0.6435126896518871
1751812.278372306,11.777801126675584,119.46109572220976,0.09859110244613217,-20.123245541521904,default@2.4MHz,e2_sr2400000_f1751812_idx41_fir_default__pm30p0,default@2.4MHz,default,2400000.0,-30.0,captured,True,True,-30.0,True,tar,data/raw/e2.tar.gz,e2/e2_sr2400000_f1751812_idx41_fir_default__pm30p0.npz,1.4598435653102548,0.7299217826551274
1987040.7556350883,11.326010946997934,119.46109572220976,0.09480920025490981,-20.462990336347048,default@2.4MHz,e2_sr2400000_f1987041_idx42_fir_default__pm30p0,default@2.4MHz,default,2400000.0,-30.0,captured,True,True,-30.0,True,tar,data/raw/e2.tar.gz,e2/e2_sr2400000_f1987041_idx42_fir_default__pm30p0.npz,1.6558672963625736,0.8279336481812868
2253855.0581592275,10.962092536182503,119.46109572220976,0.09176286614408201,-20.746660600671184,default@2.4MHz,e2_sr2400000_f2253855_idx43_fir_default__pm30p0,default@2.4MHz,default,2400000.0,-30.0,captured,True,True,-30.0,True,tar,data/raw/e2.tar.gz,e2/e2_sr2400000_f2253855_idx43_fir_default__pm30p0.npz,1.8782125484660228,0.9391062742330114
2556496.4426541594,10.794508140923934,119.46109572220976,0.09036002956163292,-20.88047271341066,default@2.4MHz,e2_sr2400000_f2556496_idx44_fir_default__pm30p0,default@2.4MHz,default,2400000.0,-30.0,captured,True,True,-30.0,True,tar,data/raw/e2.tar.gz,e2/e2_sr2400000_f2556496_idx44_fir_default__pm30p0.npz,2.1304137022117997,1.0652068511058999
2899775.6699763993,10.941539732363022,119.46109572220976,0.09159082014286943,-20.762961042162647,default@2.4MHz,e2_sr2400000_f2899776_idx45_fir_default__pm30p0,default@2.4MHz,default,2400000.0,-30.0,captured,True,True,-30.0,True,tar,data/raw/e2.tar.gz,e2/e2_sr2400000_f2899776_idx45_fir_default__pm30p0.npz,2.416479724980333,1.2082398624901665
3289149.476561426,10.037491196666636,119.46109572220976,0.08402309669088782,-21.512026329566446,default@2.4MHz,e2_sr2400000_f3289149_idx46_fir_default__pm30p0,default@2.4MHz,default,2400000.0,-30.0,captured,True,True,-30.0,True,tar,data/raw/e2.tar.gz,e2/e2_sr2400000_f3289149_idx46_fir_default__pm30p0.npz,2.7409578971345216,1.3704789485672608
3730807.3142266045,10.05535747317721,119.46109572220976,0.08417265397062447,-21.496579585357807,default@2.4MHz,e2_sr2400000_f3730807_idx47_fir_default__pm30p0,default@2.4MHz,default,2400000.0,-30.0,captured,True,True,-30.0,True,tar,data/raw/e2.tar.gz,e2/e2_sr2400000_f3730807_idx47_fir_default__pm30p0.npz,3.109006095188837,1.5545030475944186
4231769.737153443,10.972522897441603,119.46109572220976,0.0918501779270189,-20.73839996132837,default@2.4MHz,e2_sr2400000_f4231770_idx48_fir_default__pm30p0,default@2.4MHz,default,2400000.0,-30.0,captured,True,True,-30.0,True,tar,data/raw/e2.tar.gz,e2/e2_sr2400000_f4231770_idx48_fir_default__pm30p0.npz,3.5264747809612023,1.7632373904806011
4800000.0,12.76158198497161,119.46109572220976,0.1068262592756298,-19.426439579719876,default@2.4MHz,e2_sr2400000_f4800000_idx49_fir_default__pm30p0,default@2.4MHz,default,2400000.0,-30.0,captured,True,True,-30.0,True,tar,data/raw/e2.tar.gz,e2/e2_sr2400000_f4800000_idx49_fir_default__pm30p0.npz,4.0,2.0
10000.0,0.9065535634939474,62.40925249524023,0.014525948112631018,-36.757110229842844,default@3.2MHz,e2_sr3200000_f10000_idx00_fir_default__pm30p0,default@3.2MHz,default,3200000.0,-30.0,captured_guard_fail,True,False,-30.0,True,tar,data/raw/e2.tar.gz,e2/e2_sr3200000_f10000_idx00_fir_default__pm30p0.npz,0.00625,0.003125
11409.562167868598,0.9574569824400687,62.40925249524023,0.015341587091002109,-36.28259420381513,default@3.2MHz,e2_sr3200000_f11410_idx01_fir_default__pm30p0,default@3.2MHz,default,3200000.0,-30.0,captured_guard_fail,True,False,-30.0,True,tar,data/raw/e2.tar.gz,e2/e2_sr3200000_f11410_idx01_fir_default__pm30p0.npz,0.007130976354917874,0.003565488177458937
13017.810886245812,1.0574745882726575,62.40925249524023,0.01694419570805319,-35.41958082079801,default@3.2MHz,e2_sr3200000_f13018_idx02_fir_default__pm30p0,default@3.2MHz,default,3200000.0,-30.0,captured_guard_fail,True,False,-30.0,True,tar,data/raw/e2.tar.gz,e2/e2_sr3200000_f13018_idx02_fir_default__pm30p0.npz,0.008136131803903632,0.004068065901951816
14852.75225961782,1.2782440276676799,62.40925249524023,0.020481642970570233,-33.77270417225112,default@3.2MHz,e2_sr3200000_f14853_idx03_fir_default__pm30p0,default@3.2MHz,default,3200000.0,-30.0,captured_guard_fail,True,False,-30.0,True,tar,data/raw/e2.tar.gz,e2/e2_sr3200000_f14853_idx03_fir_default__pm30p0.npz,0.009282970162261138,0.004641485081130569
16946.340027005997,1.5796700076361696,62.40925249524023,0.02531147136807393,-31.933652167192793,default@3.2MHz,e2_sr3200000_f16946_idx04_fir_default__pm30p0,default@3.2MHz,default,3200000.0,-30.0,captured_guard_fail,True,False,-30.0,True,tar,data/raw/e2.tar.gz,e2/e2_sr3200000_f16946_idx04_fir_default__pm30p0.npz,0.010591462516878748,0.005295731258439374
19335.032005596495,1.9793386144259344,62.40925249524023,0.03171546742331023,-29.974577671539755,default@3.2MHz,e2_sr3200000_f19335_idx05_fir_default__pm30p0,default@3.2MHz,default,3200000.0,-30.0,captured_guard_fail,True,False,-30.0,True,tar,data/raw/e2.tar.gz,e2/e2_sr3200000_f19335_idx05_fir_default__pm30p0.npz,0.01208439500349781,0.006042197501748905
22060.424968558225,2.516768244887748,62.40925249524023,0.04032684488697721,-27.888115104492943,default@3.2MHz,e2_sr3200000_f22060_idx06_fir_default__pm30p0,default@3.2MHz,default,3200000.0,-30.0,captured_guard_fail,True,False,-30.0,True,tar,data/raw/e2.tar.gz,e2/e2_sr3200000_f22060_idx06_fir_default__pm30p0.npz,0.013787765605348891,0.006893882802674446
25169.979012836524,3.285218180013981,62.40925249524023,0.052639921945300254,-25.5736952673465,default@3.2MHz,e2_sr3200000_f25170_idx07_fir_default__pm30p0,default@3.2MHz,default,3200000.0,-30.0,captured_guard_fail,True,False,-30.0,True,tar,data/raw/e2.tar.gz,e2/e2_sr3200000_f25170_idx07_fir_default__pm30p0.npz,0.015731236883022828,0.007865618441511414
28717.84403109062,4.2692494501282505,62.40925249524023,0.0684073158936466,-23.297948994153952,default@3.2MHz,e2_sr3200000_f28718_idx08_fir_default__pm30p0,default@3.2MHz,default,3200000.0,-30.0,captured_guard_fail,True,False,-30.0,True,tar,data/raw/e2.tar.gz,e2/e2_sr3200000_f28718_idx08_fir_default__pm30p0.npz,0.017948652519431636,0.008974326259715818
32765.802679988257,5.533853183740463,62.40925249524023,0.08867039681596113,-21.044426959701145,default@3.2MHz,e2_sr3200000_f32766_idx09_fir_default__pm30p0,default@3.2MHz,default,3200000.0,-30.0,captured_guard_fail,True,False,-30.0,True,tar,data/raw/e2.tar.gz,e2/e2_sr3200000_f32766_idx09_fir_default__pm30p0.npz,0.020478626674992662,0.010239313337496331
37384.346265744076,7.182347475098247,62.40925249524023,0.1150846579302648,-18.779651376288925,default@3.2MHz,e2_sr3200000_f37384_idx10_fir_default__pm30p0,default@3.2MHz,default,3200000.0,-30.0,captured_guard_fail,True,False,-30.0,True,tar,data/raw/e2.tar.gz,e2/e2_sr3200000_f37384_idx10_fir_default__pm30p0.npz,0.02336521641609005,0.011682608208045024
42653.902282413335,9.26303464976218,62.40925249524023,0.14842406020595494,-16.569913845330987,default@3.2MHz,e2_sr3200000_f42654_idx11_fir_default__pm30p0,default@3.2MHz,default,3200000.0,-30.0,captured_guard_fail,True,False,-30.0,True,tar,data/raw/e2.tar.gz,e2/e2_sr3200000_f42654_idx11_fir_default__pm30p0.npz,0.026658688926508335,0.013329344463254168
48666.234979338624,11.870634661794305,62.40925249524023,0.19020632658113704,-14.415500835923545,default@3.2MHz,e2_sr3200000_f48666_idx12_fir_default__pm30p0,default@3.2MHz,default,3200000.0,-30.0,captured,True,True,-30.0,True,tar,data/raw/e2.tar.gz,e2/e2_sr3200000_f48666_idx12_fir_default__pm30p0.npz,0.03041639686208664,0.01520819843104332
55526.04334728653,15.061646621423893,62.40925249524023,0.2413367572792608,-12.347530539212116,default@3.2MHz,e2_sr3200000_f55526_idx13_fir_default__pm30p0,default@3.2MHz,default,3200000.0,-30.0,captured,True,True,-30.0,True,tar,data/raw/e2.tar.gz,e2/e2_sr3200000_f55526_idx13_fir_default__pm30p0.npz,0.034703777092054085,0.017351888546027042
63352.7843506631,18.990300028437712,62.40925249524023,0.3042866124680158,-10.334343092775253,default@3.2MHz,e2_sr3200000_f63353_idx14_fir_default__pm30p0,default@3.2MHz,default,3200000.0,-30.0,captured,True,True,-30.0,True,tar,data/raw/e2.tar.gz,e2/e2_sr3200000_f63353_idx14_fir_default__pm30p0.npz,0.03959549021916444,0.01979774510958222
72282.75315564635,23.63143330120584,62.40925249524023,0.3786527214535719,-8.435178349320223,default@3.2MHz,e2_sr3200000_f72283_idx15_fir_default__pm30p0,default@3.2MHz,default,3200000.0,-30.0,captured,True,True,-30.0,True,tar,data/raw/e2.tar.gz,e2/e2_sr3200000_f72283_idx15_fir_default__pm30p0.npz,0.04517672072227897,0.022588360361139485
82471.45657940471,28.975081464966728,62.40925249524023,0.4642754128031989,-6.664486303701603,default@3.2MHz,e2_sr3200000_f82471_idx16_fir_default__pm30p0,default@3.2MHz,default,3200000.0,-30.0,captured,True,True,-30.0,True,tar,data/raw/e2.tar.gz,e2/e2_sr3200000_f82471_idx16_fir_default__pm30p0.npz,0.051544660362127945,0.025772330181063972
94096.32109173918,34.82016656246405,62.40925249524023,0.5579327610937126,-5.068362732556606,default@3.2MHz,e2_sr3200000_f94096_idx17_fir_default__pm30p0,default@3.2MHz,default,3200000.0,-30.0,captured,True,True,-30.0,True,tar,data/raw/e2.tar.gz,e2/e2_sr3200000_f94096_idx17_fir_default__pm30p0.npz,0.05881020068233699,0.029405100341168496
107359.78252639234,40.94531624587646,62.40925249524023,0.656077658501025,-3.6608950215626104,default@3.2MHz,e2_sr3200000_f107360_idx18_fir_default__pm30p0,default@3.2MHz,default,3200000.0,-30.0,captured,True,True,-30.0,True,tar,data/raw/e2.tar.gz,e2/e2_sr3200000_f107360_idx18_fir_default__pm30p0.npz,0.06709986407899521,0.033549932039497604
122492.81130637263,47.311981439051216,62.40925249524023,0.7580924229569896,-2.4055568812016865,default@3.2MHz,e2_sr3200000_f122493_idx19_fir_default__pm30p0,default@3.2MHz,default,3200000.0,-30.0,captured,True,True,-30.0,True,tar,data/raw/e2.tar.gz,e2/e2_sr3200000_f122493_idx19_fir_default__pm30p0.npz,0.0765580070664829,0.03827900353324145
139758.93457170532,53.05420521901699,62.40925249524023,0.8501015970839144,-1.4105833582740042,default@3.2MHz,e2_sr3200000_f139759_idx20_fir_default__pm30p0,default@3.2MHz,default,3200000.0,-30.0,captured,True,True,-30.0,True,tar,data/raw/e2.tar.gz,e2/e2_sr3200000_f139759_idx20_fir_default__pm30p0.npz,0.08734933410731582,0.04367466705365791
159458.82525109517,57.61790531983496,62.40925249524023,0.9232269738245833,-0.6938303053431578,default@3.2MHz,e2_sr3200000_f159459_idx21_fir_default__pm30p0,default@3.2MHz,default,3200000.0,-30.0,captured,True,True,-30.0,True,tar,data/raw/e2.tar.gz,e2/e2_sr3200000_f159459_idx21_fir_default__pm30p0.npz,0.09966176578193449,0.049830882890967244
181935.53799176653,60.6703963196606,62.40925249524023,0.9721378464561444,-0.24544297903336793,default@3.2MHz,e2_sr3200000_f181936_idx22_fir_default__pm30p0,default@3.2MHz,default,3200000.0,-30.0,captured,True,True,-30.0,True,tar,data/raw/e2.tar.gz,e2/e2_sr3200000_f181936_idx22_fir_default__pm30p0.npz,0.11370971124485407,0.056854855622427036
207580.48312616753,61.8906150647115,62.40925249524023,0.9916897349384486,-0.07248364322049292,default@3.2MHz,e2_sr3200000_f207580_idx23_fir_default__pm30p0,default@3.2MHz,default,3200000.0,-30.0,captured,True,True,-30.0,True,tar,data/raw/e2.tar.gz,e2/e2_sr3200000_f207580_idx23_fir_default__pm30p0.npz,0.1297378019538547,0.06486890097692735
236840.2427064202,62.312357369309005,62.40925249524023,0.9984474237063068,-0.013495985828629068,default@3.2MHz,e2_sr3200000_f236840_idx24_fir_default__pm30p0,default@3.2MHz,default,3200000.0,-30.0,captured,True,True,-30.0,True,tar,data/raw/e2.tar.gz,e2/e2_sr3200000_f236840_idx24_fir_default__pm30p0.npz,0.14802515169151262,0.07401257584575631
270224.34730119887,62.40925249524023,62.40925249524023,1.0,0.0,default@3.2MHz,e2_sr3200000_f270224_idx25_fir_default__pm30p0,default@3.2MHz,default,3200000.0,-30.0,captured,True,True,-30.0,True,tar,data/raw/e2.tar.gz,e2/e2_sr3200000_f270224_idx25_fir_default__pm30p0.npz,0.1688902170632493,0.08444510853162465
308314.14898047433,61.85371794178369,62.40925249524023,0.9910985225548262,-0.07766342542827949,default@3.2MHz,e2_sr3200000_f308314_idx26_fir_default__pm30p0,default@3.2MHz,default,3200000.0,-30.0,captured,True,True,-30.0,True,tar,data/raw/e2.tar.gz,e2/e2_sr3200000_f308314_idx26_fir_default__pm30p0.npz,0.19269634311279646,0.09634817155639823
351772.94500262156,60.50807841665736,62.40925249524023,0.9695369836591479,-0.2687123961152038,default@3.2MHz,e2_sr3200000_f351773_idx27_fir_default__pm30p0,default@3.2MHz,default,3200000.0,-30.0,captured,True,True,-30.0,True,tar,data/raw/e2.tar.gz,e2/e2_sr3200000_f351773_idx27_fir_default__pm30p0.npz,0.21985809062663847,0.10992904531331923
401357.5284981632,59.07930667285357,62.40925249524023,0.9466433951818182,-0.4762718174316799,default@3.2MHz,e2_sr3200000_f401358_idx28_fir_default__pm30p0,default@3.2MHz,default,3200000.0,-30.0,captured,True,True,-30.0,True,tar,data/raw/e2.tar.gz,e2/e2_sr3200000_f401358_idx28_fir_default__pm30p0.npz,0.250848455311352,0.125424227655676
457931.36729418853,57.54998016785595,62.40925249524023,0.9221385911046621,-0.7040760511888956,default@3.2MHz,e2_sr3200000_f457931_idx29_fir_default__pm30p0,default@3.2MHz,default,3200000.0,-30.0,captured,True,True,-30.0,True,tar,data/raw/e2.tar.gz,e2/e2_sr3200000_f457931_idx29_fir_default__pm30p0.npz,0.28620710455886783,0.14310355227943392
522479.64037601027,56.43891893588797,62.40925249524023,0.9043357623966478,-0.8734058886627593,default@3.2MHz,e2_sr3200000_f522480_idx30_fir_default__pm30p0,default@3.2MHz,default,3200000.0,-30.0,captured,True,True,-30.0,True,tar,data/raw/e2.tar.gz,e2/e2_sr3200000_f522480_idx30_fir_default__pm30p0.npz,0.32654977523500645,0.16327488761750322
596126.3938315717,55.7570103180182,62.40925249524023,0.8934093598104003,-0.9789900390137283,default@3.2MHz,e2_sr3200000_f596126_idx31_fir_default__pm30p0,default@3.2MHz,default,3200000.0,-30.0,captured,True,True,-30.0,True,tar,data/raw/e2.tar.gz,e2/e2_sr3200000_f596126_idx31_fir_default__pm30p0.npz,0.3725789961447323,0.18628949807236614
680154.1150328637,55.451815144116765,62.40925249524023,0.8885191366191401,-1.0266642814595761,default@3.2MHz,e2_sr3200000_f680154_idx32_fir_default__pm30p0,default@3.2MHz,default,3200000.0,-30.0,captured,True,True,-30.0,True,tar,data/raw/e2.tar.gz,e2/e2_sr3200000_f680154_idx32_fir_default__pm30p0.npz,0.4250963218955398,0.2125481609477699
776026.0659199092,56.05167776682818,62.40925249524023,0.8981308944711855,-0.9332072843845102,default@3.2MHz,e2_sr3200000_f776026_idx33_fir_default__pm30p0,default@3.2MHz,default,3200000.0,-30.0,captured,True,True,-30.0,True,tar,data/raw/e2.tar.gz,e2/e2_sr3200000_f776026_idx33_fir_default__pm30p0.npz,0.4850162911999432,0.2425081455999716
885411.7642999699,55.93660970723215,62.40925249524023,0.8962871284429864,-0.9510568084873118,default@3.2MHz,e2_sr3200000_f885412_idx34_fir_default__pm30p0,default@3.2MHz,default,3200000.0,-30.0,captured,True,True,-30.0,True,tar,data/raw/e2.tar.gz,e2/e2_sr3200000_f885412_idx34_fir_default__pm30p0.npz,0.5533823526874811,0.2766911763437406
1010216.0568942724,52.784789060752566,62.40925249524023,0.8457846705466998,-1.4548038100606968,default@3.2MHz,e2_sr3200000_f1010216_idx35_fir_default__pm30p0,default@3.2MHz,default,3200000.0,-30.0,captured,True,True,-30.0,True,tar,data/raw/e2.tar.gz,e2/e2_sr3200000_f1010216_idx35_fir_default__pm30p0.npz,0.6313850355589202,0.3156925177794601
1152612.290411426,43.4929648704143,62.40925249524023,0.6968993078987987,-3.1365993356856094,default@3.2MHz,e2_sr3200000_f1152612_idx36_fir_default__pm30p0,default@3.2MHz,default,3200000.0,-30.0,captured,True,True,-30.0,True,tar,data/raw/e2.tar.gz,e2/e2_sr3200000_f1152612_idx36_fir_default__pm30p0.npz,0.7203826815071412,0.3601913407535706
1315080.158289855,26.419176704552864,62.40925249524023,0.4233214731512411,-7.4665940241146505,default@3.2MHz,e2_sr3200000_f1315080_idx37_fir_default__pm30p0,default@3.2MHz,default,3200000.0,-30.0,captured,True,True,-30.0,True,tar,data/raw/e2.tar.gz,e2/e2_sr3200000_f1315080_idx37_fir_default__pm30p0.npz,0.8219250989311594,0.4109625494655797
1500448.882173858,6.453248373970334,62.40925249524023,0.10340210971862712,-19.709412004375178,default@3.2MHz,e2_sr3200000_f1500449_idx38_fir_default__pm30p0,default@3.2MHz,default,3200000.0,-30.0,captured_guard_fail,True,False,-30.0,True,tar,data/raw/e2.tar.gz,e2/e2_sr3200000_f1500449_idx38_fir_default__pm30p0.npz,0.9377805513586612,0.4688902756793306
1711946.4800871578,8.931441974767097,62.40925249524023,0.14311086285560418,-16.886547995776663,default@3.2MHz,e2_sr3200000_f1711946_idx39_fir_default__pm30p0,default@3.2MHz,default,3200000.0,-30.0,captured_guard_fail,True,False,-30.0,True,tar,data/raw/e2.tar.gz,e2/e2_sr3200000_f1711946_idx39_fir_default__pm30p0.npz,1.0699665500544737,0.5349832750272369
1953255.9792618207,8.219799689230149,62.40925249524023,0.13170802982870286,-17.60775493296039,default@3.2MHz,e2_sr3200000_f1953256_idx40_fir_default__pm30p0,default@3.2MHz,default,3200000.0,-30.0,captured_guard_fail,True,False,-30.0,True,tar,data/raw/e2.tar.gz,e2/e2_sr3200000_f1953256_idx40_fir_default__pm30p0.npz,1.220784987038638,0.610392493519319
2228579.55251488,3.5069347990636444,62.40925249524023,0.05619254611856003,-25.00642578622478,default@3.2MHz,e2_sr3200000_f2228580_idx41_fir_default__pm30p0,default@3.2MHz,default,3200000.0,-30.0,captured_guard_fail,True,False,-30.0,True,tar,data/raw/e2.tar.gz,e2/e2_sr3200000_f2228580_idx41_fir_default__pm30p0.npz,1.3928622203218,0.6964311101609
2542711.6950459303,3.5009280068770643,62.40925249524023,0.05609629769470592,-25.02131601687964,default@3.2MHz,e2_sr3200000_f2542712_idx42_fir_default__pm30p0,default@3.2MHz,default,3200000.0,-30.0,captured_guard_fail,True,False,-30.0,True,tar,data/raw/e2.tar.gz,e2/e2_sr3200000_f2542712_idx42_fir_default__pm30p0.npz,1.5891948094037065,0.7945974047018532
2901122.7159593026,3.361615801264384,62.40925249524023,0.05386406128675816,-25.374018087954404,default@3.2MHz,e2_sr3200000_f2901123_idx43_fir_default__pm30p0,default@3.2MHz,default,3200000.0,-30.0,captured_guard_fail,True,False,-30.0,True,tar,data/raw/e2.tar.gz,e2/e2_sr3200000_f2901123_idx43_fir_default__pm30p0.npz,1.8132016974745642,0.9066008487372821
3310053.9984353455,3.3968982310381945,62.40925249524023,0.054429401013852324,-25.283328899846307,default@3.2MHz,e2_sr3200000_f3310054_idx44_fir_default__pm30p0,default@3.2MHz,default,3200000.0,-30.0,captured_guard_fail,True,False,-30.0,True,tar,data/raw/e2.tar.gz,e2/e2_sr3200000_f3310054_idx44_fir_default__pm30p0.npz,2.068783749022091,1.0343918745110454
3776626.6874150103,3.1208125384055116,62.40925249524023,0.05000560675908635,-26.019625974072007,default@3.2MHz,e2_sr3200000_f3776627_idx45_fir_default__pm30p0,default@3.2MHz,default,3200000.0,-30.0,captured_guard_fail,True,False,-30.0,True,tar,data/raw/e2.tar.gz,e2/e2_sr3200000_f3776627_idx45_fir_default__pm30p0.npz,2.3603916796343816,1.1801958398171908
4308965.697489312,3.1190014249954223,62.40925249524023,0.04997658680871557,-26.024668153770335,default@3.2MHz,e2_sr3200000_f4308966_idx46_fir_default__pm30p0,default@3.2MHz,default,3200000.0,-30.0,captured_guard_fail,True,False,-30.0,True,tar,data/raw/e2.tar.gz,e2/e2_sr3200000_f4308966_idx46_fir_default__pm30p0.npz,2.69310356093082,1.34655178046541
4916341.200471748,3.02852716917195,62.40925249524023,0.04852689381919655,-26.280350135102122,default@3.2MHz,e2_sr3200000_f4916341_idx47_fir_default__pm30p0,default@3.2MHz,default,3200000.0,-30.0,captured_guard_fail,True,False,-30.0,True,tar,data/raw/e2.tar.gz,e2/e2_sr3200000_f4916341_idx47_fir_default__pm30p0.npz,3.0727132502948424,1.5363566251474212
5609330.056523614,2.931056797376667,62.40925249524023,0.04696510020850209,-26.564494933617986,default@3.2MHz,e2_sr3200000_f5609330_idx48_fir_default__pm30p0,default@3.2MHz,default,3200000.0,-30.0,captured_guard_fail,True,False,-30.0,True,tar,data/raw/e2.tar.gz,e2/e2_sr3200000_f5609330_idx48_fir_default__pm30p0.npz,3.5058312853272584,1.7529156426636292
6400000.0,0.726682248878129,62.40925249524023,0.011643822347232102,-38.67808858648756,default@3.2MHz,e2_sr3200000_f6400000_idx49_fir_default__pm30p0,default@3.2MHz,default,3200000.0,-30.0,captured_guard_fail,True,False,-30.0,True,tar,data/raw/e2.tar.gz,e2/e2_sr3200000_f6400000_idx49_fir_default__pm30p0.npz,4.0,2.0
